<?xml version="1.0" encoding="UTF-8"?>
<beans xmlns="http://www.springframework.org/schema/beans"
	xmlns:xsi="http://www.w3.org/2001/XMLSchema-instance" xmlns:context="http://www.springframework.org/schema/context"
	xmlns:mvc="http://www.springframework.org/schema/mvc" xmlns:security="http://www.springframework.org/schema/security"
	xmlns:util="http://www.springframework.org/schema/util"
	xsi:schemaLocation="http://www.springframework.org/schema/beans
            http://www.springframework.org/schema/beans/spring-beans-3.0.xsd
            http://www.springframework.org/schema/context
            http://www.springframework.org/schema/context/spring-context-3.0.xsd
            http://www.springframework.org/schema/mvc 
            http://www.springframework.org/schema/mvc/spring-mvc-3.0.xsd
            http://www.springframework.org/schema/util 
			http://www.springframework.org/schema/util/spring-util-3.0.xsd">

	<mvc:annotation-driven />
	<context:annotation-config />

	<!-- <context:property-placeholder location="classpath:config/scbone-config.properties" /> -->

	<context:component-scan	base-package="com.tcs.portal.controller,com.tcs.portal.services,com.tcs.portal.util,com.tcs.portal.exception" />

	<!-- <mvc:interceptors>
		<bean class="com.scb.scbone.interceptor.ScbInterceptor" />
	</mvc:interceptors> -->

	<!-- <import resource="classpath:context/applicationcontext-datasource.xml" />
	<import resource="classpath:context/applicationcontext-jms.xml" /> 
	<import resource="classpath:context/applicationcontext-security.xml" />
	<import resource="classpath:context/applicationcontext-job.xml" />  --> 

	<!-- View Resolver -->
	<bean
		class="org.springframework.web.servlet.view.InternalResourceViewResolver">
		<property name="prefix" value="/WEB-INF/views/" />
		<property name="suffix" value=".jsp" />
	</bean>

	<!-- Configure to plugin JSON as request and Response in method handler -->
	<bean
		class="org.springframework.web.servlet.mvc.method.annotation.RequestMappingHandlerAdapter">
		<property name="messageConverters">
			<list>
				<ref bean="jsonMessageConverter" />
				<ref bean="xmlMessageConverter" />
			</list>
		</property>
	</bean>

	<!-- Configure to plugin to convert JSON to POJO and vice versa -->
	<bean id="jsonMessageConverter"	class="org.springframework.http.converter.json.MappingJackson2HttpMessageConverter" />

	<!-- Configure to plugin to convert XML to POJO and vice versa -->
	<bean id="xmlMessageConverter"	class="org.springframework.http.converter.xml.Jaxb2RootElementHttpMessageConverter" />

	<!-- loading properties files -->
	<util:properties id="properties" location="classpath:config/ProductConstant.properties" />
	<bean id="productProperties" class="com.tcs.portal.util.ProductProperties">
		<property name="properties" ref="properties" />
	</bean>	

</beans>
